S.No.,COMPANY NAME,DATE OF REGISTRATION,STATE,ROC,COMPANY STATUS,CATEGORY,CLASS,COMPANY TYPE, AUTHORIZED CAPITAL , PAIDUP CAPITAL ,ACTIVITY CODE,ACTIVITY DESCRIPTION,REGISTERED OFFICE ADDRESS,EMAIL
1,INDUSTRY GENOME OF INDIA PRIVATE LIMITED,03-04-2023,Uttar Pradesh,ROC Kanpur,Active,Company limited by shares,Private,subsidiary of company incorporated outside India,2000000,2000000,62,Other information technology and computer service activities n.e.c,"7 NAVYUG MKT GZB,,Ghaziabad, Ghaziabad, Uttar Pradesh, India - 201001",mohit.gupta@vitrana.com
2,VDOINTEL INDIA PRIVATE LIMITED,03-04-2023,Andhra Pradesh,ROC Vijayawada,Active,Company limited by shares,Private,subsidiary of company incorporated outside India," ? 1,00,000 "," ? 1,00,000 ",62,Other information technology and computer service activities n.e.c,"Plot No 23, Door No 11-8-27/1,Dasapalla Hills,Visakhapatnam (Urban), Visakhapatnam, Andhra Pradesh, India - 530002",biz@precistat.com
3,COSMOGENCE PRIVATE LIMITED,03-04-2023,Kerala,ROC Ernakulam,Active,Company limited by shares,Private,subsidiary of company incorporated outside India," ? 10,00,000 "," ? 1,00,000 ",82,Other business support service activities n.e.c.,"Module No. 341 & 342, Second Floor,,Nila Building, Phase - 1, Technopark Campus,,Thiruvananthapuram, Thiruvananthapuram, Kerala, India - 695581",george@aot-technologies.com
4,GEDU SERVICES PRIVATE LIMITED,03-04-2023,Uttar Pradesh,ROC Kanpur,Active,Company limited by shares,Private,subsidiary of company incorporated outside India," ? 10,00,000 "," ? 1,00,000 ",74,"Other professional, scientific and technical activities n.e.c.","Tower B , Second Floor,The Corenthum, Sector 62,Noida, Ghaziabad, Uttar Pradesh, India - 201301",smanglani@gedu.global
5,INDICO INTERNATIONAL PRIVATE LIMITED,04-04-2023,Haryana,ROC Delhi,Active,Company limited by shares,Private,subsidiary of company incorporated outside India," ? 1,00,000 "," ? 1,00,000 ",46,"Wholesale of solid, liquid and gaseous fuels and related products","335, Udyog Vihar Phase-IV,,Palam Road, Gurgaon, Haryana, India - 122015",gaurav@tecnovaglobal.com
6,SPECIAL WORK AND TECHNOLOGY INDIA PRIVATE LIMITED,04-04-2023,Uttar Pradesh,ROC Kanpur,Active,Company limited by shares,Private,subsidiary of company incorporated outside India," ? 1,00,000 "," ? 1,00,000 ",62,Other information technology and computer service activities n.e.c,"C 56/30, Divit Developers Pvt Ltd,Sector 62, Near Fiit Jee, Noida, Gautam Budh Nagar, Uttar Pradesh-201301,Dadri, Gautam Buddha Nagar, Uttar Pradesh, India - 201309",yukti.kashyap@sw-at.com
7,RTZEN INDIA PRIVATE LIMITED,05-04-2023,Telangana,ROC Hyderabad,Active,Company limited by shares,Private,subsidiary of company incorporated outside India," ? 15,00,000 "," ? 5,00,000 ",62,Other information technology and computer service activities n.e.c,"Flat 1803, Tower 20,Prajay Megapolis, KPHB Phase 9,Tirumalagiri, Hyderabad, Telangana, India - 500085",karthik@rtzen.ai
8,DELFIN TECHNOLOGIES INDIA PRIVATE LIMITED,05-04-2023,Haryana,ROC Delhi,Active,Company limited by shares,Private,subsidiary of company incorporated outside India," ? 10,00,000 "," ? 10,000 ",62,Other information technology and computer service activities n.e.c,"404,Tuntex Tower, Omaxe Heights,,Sector 86, Faridabad,Faridabad, Faridabad, Haryana, India - 121002",adithya61999@gmail.com
9,TOPTECH GLOBAL INDIA PRIVATE LIMITED,05-04-2023,Punjab,ROC Chandigarh,Active,Company limited by shares,Private,subsidiary of company incorporated outside India," ? 1,00,000 "," ? 1,00,000 ",62,Other information technology and computer service activities n.e.c,"3rd FLOOR  SRK MALL,14 MALL ROAD,Amritsar -I, Amritsar, Punjab, India - 143001",dinesh@fortunaadvisors.com.au
10,CARUS DIGITAL TECHNOLOGY SERVICES INDIA PRIVATE LIMITED,05-04-2023,Tamil Nadu,ROC Coimbatore,Active,Company limited by shares,Private,subsidiary of company incorporated outside India," ? 2,00,00,000 "," ? 61,60,000 ",62,Providing software support and maintenance to the clients,"39, KRK Nagar,,Coimbatore South, Coimbatore, Tamil Nadu, India - 641007",c.narayanan@carus-digital.com
11,ZEDRA SERVICES INDIA PRIVATE LIMITED,05-04-2023,Karnataka,ROC Bangalore,Active,Company limited by shares,Private,subsidiary of company incorporated outside India," ? 1,00,000 "," ? 1,00,000 ",82,Other business support service activities n.e.c.,"Brigade IRV Centre 9th Floor,Nallurhalli, Whitefield,Bangalore, Bangalore, Karnataka, India - 560001",chris.field@zedra.com
12,BUZZREEL INDIA PRIVATE LIMITED,05-04-2023,Gujarat,ROC Ahmedabad,Active,Company limited by shares,Private,subsidiary of company incorporated outside India," ? 1,00,000 "," ? 1,00,000 ",62,Other information technology and computer service activities n.e.c,"D-826, Swati Crimson and Clover,,Near Shilaj Circle,,Daskroi, Ahmedabad, Gujarat, India - 380059",compliant.advisory@gmail.com
13,IONTRA INDIA PRIVATE LIMITED,05-04-2023,Karnataka,ROC Bangalore,Active,Company limited by shares,Private,subsidiary of company incorporated outside India," ? 1,00,000 "," ? 1,00,000 ",62,Computer consultancy and computer facilities management activities,"NO. 52, 1ST FLOOR, 100 FEET ROAD,2ND BLOCK, KORAMANGALA,Bangalore South, Bangalore, Karnataka, India - 560034",Sankaranarayanan.kannan@vistra.com
14,ACTYV.AI DIGITAL LABS PRIVATE LIMITED,05-04-2023,Karnataka,ROC Bangalore,Active,Company limited by shares,Private,subsidiary of company incorporated outside India," ? 15,00,000 "," ? 10,000 ",62,Other information technology and computer service activities n.e.c,"2nd Floor Wing B Salarpuria Supreme,Marathahalli Village Marathahalli Bangalore KA 560037 IN,Bangalore North, Bangalore, Karnataka, India - 560037",ramkumar.t@actyv.com
15,WORKHACK INDIA PRIVATE LIMITED,05-04-2023,Karnataka,ROC Bangalore,Active,Company limited by shares,Private,subsidiary of company incorporated outside India," ? 10,00,000 "," ? 50,000 ",62,Other information technology and computer service activities n.e.c,"office number HD-195, WeWork Prestige Atlanta, 80 Feet Main Road,,Koramangala 1A Block, Industrial Layout,Bangalore South, Bangalore, Karnataka, India - 560034",akshattyagi4@gmail.com
16,WELLPERFORM ENGINEERING PRIVATE LIMITED,06-04-2023,Maharashtra,ROC Mumbai,Active,Company limited by shares,Private,subsidiary of company incorporated outside India," ? 1,00,000 "," ? 1,00,000 ",43,"Site preparation including drilling, boring and core sampling for construction, geophysical, geological or similar purposes","S-401, I T Park Building, CTS 1651, (B) Vlg mar,Next to Mittal Estate, Andheri East,Mumbai, Mumbai, Maharashtra, India - 400069",slj@wellperform.com
17,ENTRANZ FINANCE PRIVATE LIMITED,06-04-2023,Delhi,ROC Delhi,Active,Company limited by shares,Private,subsidiary of company incorporated outside India," ? 1,00,000 "," ? 1,00,000 ",64,Financial leasing,"S-217,Panchsheel Park,New Delhi, South Delhi, Delhi, India - 110017",indiacompliance@isquaredcapital.com
18,NUFORTH INDIA PRIVATE LIMITED,06-04-2023,Delhi,ROC Delhi,Active,Company limited by shares,Private,subsidiary of company incorporated outside India," ? 15,00,000 "," ? 1,00,000 ",46,"Wholesale of radio, television and other consumer electronics including CD/DVD players and recorders"," C-775, First Floor,,NEW FRIENDS COLONY, NEW DELHI NEAR C-776,New Delhi, South Delhi, Delhi, India - 110025",anish.jain@nuforth.com
19,PROVECTIS HEALTHCARE PRIVATE LIMITED,06-04-2023,Telangana,ROC Hyderabad,Active,Company limited by shares,Private,subsidiary of company incorporated outside India," ? 10,00,000 "," ? 1,00,000 ",47,"Retail sale of pharmaceuticals, medical and orthopaedic goods and toilet articles","Office No. 01B1 12A01B1, 12A (13th) Floor,Manjeera Trinity Corporation, JNTU Rd, Kukatpally,Balanagar, Hyderabad, Telangana, India - 500072",info@provectis.ch
20,MODMED TECHNOLOGIES INDIA PRIVATE LIMITED,06-04-2023,Telangana,ROC Hyderabad,Active,Company limited by shares,Private,subsidiary of company incorporated outside India," ? 10,00,000 "," ? 10,00,000 ",62,Other information technology and computer service activities n.e.c,"WEWORK KRISHE EMERALD,KONDAPUR MAIN ROAD LAXMI CYBER CITY HITEC CITY WHITEFIELDS KONDAPUR,Shaikpet, Hyderabad, Telangana, India - 500081",RAJVINDER.SINGH@MODMED.COM
21,ENDEAS INDIA PRIVATE LIMITED,06-04-2023,Maharashtra,ROC Mumbai,Active,Company limited by shares,Private,subsidiary of company incorporated outside India," ? 20,00,000 "," ? 20,00,000 ",25,Manufacture of other fabricated metal products n.e.c.,"Flat No. 304, Laxmi Residency, PLot No. 12A,Sector - 35F, Near BKS Galaxy, Kharghar, Raigarh,Panvel, Raigarh(MH), Maharashtra, India - 410210",balamn31@gmail.com
22,LABCORP LABORATORIES INDIA PRIVATE LIMITED,06-04-2023,Karnataka,ROC Bangalore,Active,Company limited by shares,Private,subsidiary of company incorporated outside India," ? 1,00,000 "," ? 1,00,000 ",21,Manufacture of allopathic pharmaceutical preparations,"29 Union Street,Off Cubbon Road Municipal Ward 78 of Vasanthnagar,Bangalore, Bangalore, Karnataka, India - 560001",sagar.deshpande@labcorp.com
23,SEAMED OFFSHORE INDIA PRIVATE LIMITED,06-04-2023,Maharashtra,ROC Mumbai,Active,Company limited by shares,Private,subsidiary of company incorporated outside India," ? 10,00,000 "," ? 10,00,000 ",77,Renting and operational leasing of water-transport equipment without operator,"234, Dheeraj Heritage Meter,Room No.3, S V Road,,Santacruz West, NR Milan, Subway Signal,Mumbai, Mumbai, Maharashtra, India - 400054",lionelcf@gmail.com
24,FINSTACKK CORPORATE SERVICES PRIVATE LIMITED,07-04-2023,Telangana,ROC Hyderabad,Active,Company limited by shares,Private,subsidiary of company incorporated outside India," ? 10,00,000 "," ? 1,00,000 ",69,"Accounting, bookkeeping and auditing activities","301 & 307 3rd Floor, PSR Prime Tower,,,Seri Lingampally, K.V.Rangareddy, Telangana, India - 500032",ysreddy794@gmail.com
25,ZEPIC TECHNOLOGIES INDIA PRIVATE LIMITED,07-04-2023,Tamil Nadu,ROC Chennai,Active,Company limited by shares,Private,subsidiary of company incorporated outside India," ? 10,00,000 "," ? 10,000 ",62,Other information technology and computer service activities n.e.c,"E6E E BLK, Jones Sigriya, Maxworth Nagar 8th Street,,Pallikaranai Chennai Kanchipuram 600100,Tambaram, Kanchipuram, Tamil Nadu, India - 600100",sunil.si@gmail.com
26,TIMBEL INDIA PRIVATE LIMITED,07-04-2023,Karnataka,ROC Bangalore,Active,Company limited by shares,Private,subsidiary of company incorporated outside India," ? 1,00,00,000 "," ? 1,00,00,000 ",62,Other information technology and computer service activities n.e.c,"NO 66/1, OLD NO 66, 302 A, 3RD FLOOR,A BLOCK, MIRAYA ROSE, SIDDAPURA VILLAGE, VARTHUR ROAD, HOBLI,Bangalore, Bangalore, Karnataka, India - 560066",jhyoon@timbel.net
27,BIONEMA BIOLOGICALS PRIVATE LIMITED,07-04-2023,Telangana,ROC Hyderabad,Active,Company limited by shares,Private,subsidiary of company incorporated outside India," ? 10,00,000 "," ? 1,00,000 ",46,Wholesale of fertilizers and agrochemical products,"16-187, IDA Bollarum,Jinnaram Mandal,R.c.puram, Medak, Telangana, India - 502325",m.a.syeda@bionema.com
28,VIDAXL SERVICES PRIVATE LIMITED,08-04-2023,Telangana,ROC Hyderabad,Active,Company limited by shares,Private,subsidiary of company incorporated outside India," ? 1,00,000 "," ? 1,00,000 ",62,Computer consultancy and computer facilities management activities,"303, Block-A, Legend Commercial Complex,,3-4-770 & 136A, Barkatpura, Hyderabad,Himayathnagar, Hyderabad, Telangana, India - 500027",R.onverwacht@vidaxl.com
29,CANIBUILD TECHNOLOGIES INDIA PRIVATE LIMITED,08-04-2023,Haryana,ROC Delhi,Active,Company limited by shares,Private,subsidiary of company incorporated outside India," ? 10,00,000 "," ? 1,00,000 ",62,Other information technology and computer service activities n.e.c,"144, FF ,,S/Mall,Railway Road, Gurgaon, Haryana, India - 122006",sabhya@sharmapartners.co.in
30,DATOLITE SOLUTIONS INDIA PRIVATE LIMITED,08-04-2023,Uttar Pradesh,ROC Kanpur,Active,Company limited by shares,Private,subsidiary of company incorporated outside India," ? 10,00,000 "," ? 1,00,000 ",62,Other information technology and computer service activities n.e.c,"E-108 Sector 20 Noida, Gautam Buddh Nagar (G B Nagar),,Noida, Gautam Buddha Nagar, Uttar Pradesh, India - 201301",rakesh.rai@datolitesolutions.com
31,EBI TECH ADVISORS PRIVATE LIMITED,10-04-2023,Maharashtra,ROC Mumbai,Active,Company limited by shares,Private,subsidiary of company incorporated outside India," ? 1,00,000 "," ? 1,00,000 ",70,Management consultancy activities,"REGUS SUBURB CENTRES PRIVATE LIMITED,PLOT NO. 4, DYNASTY BUSINESS PARK, A WING, ANDHERI KURLA ROAD,Mumbai, Mumbai, Maharashtra, India - 400059",deepanshi.trivedi@dlslawoffices.com
32,WAYSTONE TECHNOLOGY SOLUTIONS PRIVATE LIMITED,10-04-2023,Maharashtra,ROC Mumbai,Active,Company limited by shares,Private,subsidiary of company incorporated outside India," ? 10,00,000 "," ? 10,00,000 ",62,Other information technology and computer service activities n.e.c,"B-1101, 247 Park, LBS Marg,Vikhroli (West) Mumbai,Mumbai, Mumbai, Maharashtra, India - 400083",rishidhuper@gmail.com
33,PEOPLEFONE INDIA PRIVATE LIMITED,10-04-2023,Maharashtra,ROC Pune,Active,Company limited by shares,Private,subsidiary of company incorporated outside India," ? 5,00,000 "," ? 5,00,000 ",62,Other information technology and computer service activities n.e.c,"ALTUS OFFICE NO 304, S NO 23,,BALEWADI,Haveli, Pune, Maharashtra, India - 411045",india@peoplefone.com
34,SIFFRON SOLUTIONS PRIVATE LIMITED,10-04-2023,Maharashtra,ROC Mumbai,Active,Company limited by shares,Private,subsidiary of company incorporated outside India," ? 1,00,000 "," ? 1,00,000 ",74,Other specialized design activities n.e.c.,"RM 4 THE HUNS CHS LTD (NEW BUILDING) DAWOOD BAUG,J P ROAD PLOT NO 30 OPP MUNCIPAL SCHOOL ANDHERI (W),Mumbai, Mumbai, Maharashtra, India - 400058",Sankaranarayanan.Kannan@vistra.com
35,ATTACH2 INDIA PRIVATE LIMITED,10-04-2023,Karnataka,ROC Bangalore,Active,Company limited by shares,Private,subsidiary of company incorporated outside India," ? 1,00,000 "," ? 1,00,000 ",28,Manufacture of other lifting and handling equipment and parts thereof,"No. 220, 3rd Floor, 2nd Phase,Domlur 2nd Stage,Bangalore North, Bangalore, Karnataka, India - 560071",sharath.ak@scalexbusiness.com
36,FIRST DUE SOLUTIONS INDIA PRIVATE LIMITED,10-04-2023,Telangana,ROC Hyderabad,Active,Company limited by shares,Private,subsidiary of company incorporated outside India," ? 10,00,000 "," ? 10,00,000 ",62,Other information technology and computer service activities n.e.c,"Cyber Crown, Sec-II, Village, HUDA Techno Enclave, Madhpur,,Shaikpet, Hyderabad, Telangana, India - 500081",kotakprakash@hotmail.com
37,MAINFREIGHT INDIA PRIVATE LIMITED,10-04-2023,Maharashtra,ROC Mumbai,Active,Company limited by shares,Private,subsidiary of company incorporated outside India," ? 1,00,00,000 "," ? 50,00,000 ",52,Cargo handling incidental to air transport,"B504, 124C, Royal Enclave, Village Mogra, Nagardas Road,,Parsi Panchayat Road, Andheri East,Mumbai, Mumbai, Maharashtra, India - 400069",Omkarsbhande@gmail.com
38,ANMOLTA ORBIT PRIVATE LIMITED,10-04-2023,Haryana,ROC Delhi,Active,Company limited by shares,Private,subsidiary of company incorporated outside India," ? 5,00,000 "," ? 5,00,000 ",62,Software installation,"C-1-8-A GROUND FLOOR,ARDEE CITY SECTOR-52,Dlf Qe, Gurgaon, Haryana, India - 122002",nidhi@anmolit.com
39,CRUNCHYROLL INDIA PRIVATE LIMITED,10-04-2023,Maharashtra,ROC Mumbai,Inactive for e-filing,Company limited by shares,Private,subsidiary of company incorporated outside India," ? 40,00,00,000 "," ? 20,00,00,000 ",63,"Operation of other websites that act as portals to the Internet, such as media sites providing periodically updated content","Innov8  Solitaire Corporate Park,7th Floor, S 11, Unit No. 1171, 1172 Ghatkopar Link Road Chakala, Nr  Technopolis Knowledge Park,Mumbai, Mumbai, Maharashtra, India - 400093",lalit_chatnani@spe.sony.com
40,ASSOCIATION OF NDI-DHARAMSHALA,10-04-2023,Himachal Pradesh,ROC Himachal Pradesh,Active,Company limited by guarantee,Private,subsidiary of company incorporated outside India,,,88,Other social work activities without accommodation n.e.c.,"DHARAMSHALA 2221,DELEK HOSPITAL,Dharamsala, Kangra, Himachal Pradesh, India - 176215",ndidharamshala@ndi.org
41,PIEPUS SOLAR PRIVATE LIMITED,10-04-2023,Haryana,ROC Delhi,Active,Company limited by shares,Private,subsidiary of company incorporated outside India," ? 10,00,000 "," ? 1,00,000 ",35,Electric power generation using solar energy,"5th Floor, North Tower M3M Tee Point,Sector-65, Golf Course Extension Road,Gurgaon, Gurgaon, Haryana, India - 122018",Parish.Gupta@ibvogt.com
42,MARSHOY ENERGY ADVISORY SERVICES PRIVATE LIMITED,10-04-2023,Maharashtra,ROC Mumbai,Active,Company limited by shares,Private,subsidiary of company incorporated outside India," ? 1,00,000 "," ? 1,00,000 ",62,Other information technology and computer service activities n.e.c,"Marathon Chambers, Ground Floor, Mafatlal Mill Compound,, N M Joshi Marg, Lower (Parel East),Mumbai, Mumbai, Maharashtra, India - 400013",finance-enelxin@enel.com
43,TOPPAN JAPADIA PRIVATE LIMITED,10-04-2023,Haryana,ROC Delhi,Active,Company limited by shares,Private,subsidiary of company incorporated outside India," ? 8,25,00,000 "," ? 8,25,00,000 ",46,Other non-specialised wholesale trade n.e.c.,"OFFICE NO 410, 04Th FLOOR,,MGF METROPOLIS MALL MG ROAD,Dlf Qe, Gurgaon, Haryana, India - 122002",accounts@suzuki-gc.com
44,OTTERA INDIA PRIVATE LIMITED,10-04-2023,Delhi,ROC Delhi,Active,Company limited by shares,Private,subsidiary of company incorporated outside India," ? 10,00,000 "," ? 1,00,000 ",62,Other information technology and computer service activities n.e.c,"G-17,Block-E, South Extension -II,New Delhi, South Delhi, Delhi, India - 110049",info@ottera.tv
45,AMSIN INDIA PRIVATE LIMITED,11-04-2023,Uttar Pradesh,ROC Kanpur,Active,Company limited by shares,Private,subsidiary of company incorporated outside India," ? 1,00,000 "," ? 1,00,000 ",62,Providing software support and maintenance to the clients,"L-6,SHASTRI NAGAR,Meerut, Meerut, Uttar Pradesh, India - 250004",sumanorma2013@gmail.com
46,RIIV INDIA PRIVATE LIMITED,11-04-2023,Maharashtra,ROC Mumbai,Active,Company limited by shares,Private,subsidiary of company incorporated outside India," ? 15,00,000 "," ? 15,00,000 ",62,"Writing , modifying, testing of computer program to meet the needs of a particular client excluding web-page designing","Flat No 4605, 46th Floor, B Wing,Oberoi Exquisite, Oberoi Garden City,Goregaon East, Mumbai, Maharashtra, India - 400063",nsankar@russellinvestments.com
47,PRICOL ELECTRONICS PRIVATE LIMITED,11-04-2023,Tamil Nadu,ROC Coimbatore,Active,Company limited by shares,Private,subsidiary of company incorporated outside India," ? 15,00,000 "," ? 15,00,000 ",26,Manufacture of other electronic components n.e.c,"CPM Towers, 109, Race Course,Behind HSBC Bank,Coimbatore South, Coimbatore, Tamil Nadu, India - 641018",cs@pricol.com
48,SHIFAMED INDIA PRIVATE LIMITED,11-04-2023,Maharashtra,ROC Mumbai,Active,Company limited by shares,Private,subsidiary of company incorporated outside India," ? 20,00,000 "," ? 20,00,000 ",58,Publishing of operating systems and system software,"Plot no 4, Dynasty Buisness Park, Andheri Kurla Road, Andheri (East),Plot no:4,Dynasty Buisness Park,Andheri kurla road,Andheri (east) Mumbai,Mumbai, Mumbai, Maharashtra, India - 400059",tnhuong@shifamed.com
49,EMBANET INDIA PRIVATE LIMITED,11-04-2023,Uttar Pradesh,ROC Kanpur,Active,Company limited by shares,Private,subsidiary of company incorporated outside India," ? 1,00,000 "," ? 1,00,000 ",85,Educational support services,"Plot No. C-001A/2, Berger Tower, 1st Floor,Delhi Noida Direct Flyway,Noida, Gautam Buddha Nagar, Uttar Pradesh, India - 201301",pearsonglobalgovernance@pearson.com
50,SGD CORNING TECHNOLOGIES PRIVATE LIMITED,11-04-2023,Telangana,ROC Hyderabad,Inactive for e-filing,Company limited by shares,Private,subsidiary of company incorporated outside India," ? 15,00,000 "," ? 15,00,000 ",23,Manufacture of laboratory or pharmaceutical glassware,"Sy No. 266, 267, 269, 271/1, 272 T, 295AA/3, 286/19 to 286/24,Vemula (V) Moosapet (M), Mahabubnagar-Dist,Mahabub Nagar, Mahabub Nagar, Telangana, India - 509380",mukul.s@sgdgroup.com
51,ZENTRADES INDIA PRIVATE LIMITED,11-04-2023,Maharashtra,ROC Pune,Active,Company limited by shares,Private,subsidiary of company incorporated outside India," ? 10,00,000 "," ? 10,000 ",62,Other information technology and computer service activities n.e.c,"S No 133 (P) CTS No 4944/8 Common UPS,Pune,Pune City, Pune, Maharashtra, India - 411013",finance@smartserv.io
52,CXR TECHNOLOGIES PRIVATE LIMITED,11-04-2023,Maharashtra,ROC Mumbai,Active,Company limited by shares,Private,subsidiary of company incorporated outside India," ? 10,00,000 "," ? 1,00,000 ",62,Other information technology and computer service activities n.e.c,"PLOT NO. A/4, ROAD NO. 1,WAGLE INDUSTRIAL ESTATE, THANE,Thane, Thane, Maharashtra, India - 400604",gaurav@cxr.agency
53,FOUNDERANDLIGHTNING PRIVATE LIMITED,11-04-2023,Chandigarh,ROC Chandigarh,Active,Company limited by shares,Private,subsidiary of company incorporated outside India," ? 25,00,000 "," ? 25,00,000 ",62,Other information technology and computer service activities n.e.c,"HOUSE NO. 51, SANGAM ENCLAVE,,SECTOR 48A,Chandigarh, Chandigarh, Chandigarh, India - 160047",neerajchd@gmail.com
54,GREENPAGES GLOBAL DELIVERY CENTRE PRIVATE LIMITED,12-04-2023,Karnataka,ROC Bangalore,Active,Company limited by shares,Private,subsidiary of company incorporated outside India," ? 3,00,00,000 "," ? 2,70,00,000 ",62,Other information technology and computer service activities n.e.c,"12th Floor Crescent 3 Prestige Shantiniketan,ITPL Main Road Whitefield,Bangalore South, Bangalore, Karnataka, India - 560066",cs@nexdigm.com
55,BUCCI INDUSTRIES INDIA PRIVATE LIMITED,12-04-2023,Delhi,ROC Delhi,Active,Company limited by shares,Private,subsidiary of company incorporated outside India," ? 40,00,000 "," ? 1,00,000 ",28,Manufacture of other general purpose machinery n.e.c. ( fans intended,"411, DLF Tower-B, Jasola District Centre,,New Delhi, South Delhi, Delhi, India - 110076",c.bernardi@bucci-industries.com
56,CONSULTRED INDIA PRIVATE LIMITED,12-04-2023,Telangana,ROC Hyderabad,Active,Company limited by shares,Private,subsidiary of company incorporated outside India," ? 10,000 "," ? 10,000 ",62,Other information technology and computer service activities n.e.c," Unit 302, 3rd Floor, (B-Block), Municipal House,No.9-1-113 To 118/B//2/302, Amsri Shamira, Old Lancer Lane,Secunderabad, Hyderabad, Telangana, India - 500003",Paul.stevenson@consult.red
57,SWIMLANE AUTOMATION (INDIA) PRIVATE LIMITED,12-04-2023,Telangana,ROC Hyderabad,Active,Company limited by shares,Private,subsidiary of company incorporated outside India," ? 10,00,000 "," ? 1,00,000 ",62,Other information technology and computer service activities n.e.c,"24TH Floor, One West- A Terminus Project,Narsing Nanakramguda Service Road,Golconda, Hyderabad, Telangana, India - 500008",lakshmi.madegowda@swimlane.com
58,MOLEMAB SUPERABRASIVES INDIA PRIVATE LIMITED,12-04-2023,Karnataka,ROC Bangalore,Active,Company limited by shares,Private,subsidiary of company incorporated outside India," ? 40,00,000 "," ? 40,00,000 ",23,"Manufacture of millstones, sharpening or polishing stones and natural or artificial abrasive products, including abrasive powder or grain on a base of textile material, paper, paper board or other material","Plot no 6, Road no 6,Vasanthanarasapura Industrial Area Phase - 2,Tumkur, Tumkur, Karnataka, India - 572128",octagona.cs@gmail.com
59,FUNATEK SYSTEMS PRIVATE LIMITED,12-04-2023,Tamil Nadu,ROC Chennai,Active,Company limited by shares,Private,subsidiary of company incorporated outside India," ? 15,00,000 "," ? 1,00,000 ",62,Providing software support and maintenance to the clients,"No.18, Corporation Colony,Rangarajapuram 1st Street, Kodambakkam,Chennai,Chennai City Corporation, Chennai, Tamil Nadu, India - 600024",intek@dhivehinet.net.mv
60,ARDATEM INDIA PRIVATE LIMITED,12-04-2023,Maharashtra,ROC Mumbai,Active,Company limited by shares,Private,subsidiary of company incorporated outside India," ? 85,00,000 "," ? 85,00,000 ",27,Manufacture of other electrical equipment,"203 2nd Floor Mahinder Chambers,W.T. Patil Marg Opp Dukes Factory,Mumbai, Mumbai, Maharashtra, India - 400071",cs@uja.in
61,DF AUTOMATION SOLUTION INDIA PRIVATE LIMITED,12-04-2023,Maharashtra,ROC Pune,Active,Company limited by shares,Private,subsidiary of company incorporated outside India," ? 10,00,000 "," ? 1,00,000 ",62,Providing software support and maintenance to the clients,"office No.911 Geras Imperium Alpha,,Rajaram Patil Nagar, Vitthal Nagar,Pune, Pune, Maharashtra, India - 411014",sagar@dfautomation.com
62,STANCOM INTERNATIONAL SERVICES INDIA PRIVATE LIMITED,12-04-2023,Telangana,ROC Hyderabad,Active,Company limited by shares,Private,subsidiary of company incorporated outside India," ? 15,00,000 "," ? 15,00,000 ",62,Other information technology and computer service activities n.e.c,"PLOT NO 994 ROAD NO 46,JUBILEE HILLS,Shaikpet, Hyderabad, Telangana, India - 500033",msomesh@aointl.com
63,ZEIT GREEN DEVELOPMENT INDIA PRIVATE LIMITED,12-04-2023,Delhi,ROC Delhi,Active,Company limited by shares,Private,subsidiary of company incorporated outside India," ? 1,22,11,00,000 "," ? 2,85,00,000 ",35,Electric power generation using solar energy,"Plot No B-156, 2nd Floor Blk-B, New Subzi Mandi Azadpur,,Delhi, North West Delhi, Delhi, India - 110033",hson@gsenc.com
64,GLOBAL ENTERPRISE MOBILITY ALLIANCE INDIA PRIVATE LIMITED,13-04-2023,Haryana,ROC Delhi,Active,Company limited by shares,Private,subsidiary of company incorporated outside India," ? 40,00,000 "," ? 40,00,000 ",62,Computer consultancy and computer facilities management activities,"L16/2A, DLF Phase II,,,Dlf Qe, Gurgaon, Haryana, India - 122002",rohit@xsatindia.in
65,ARCELORMITTAL DIGITAL CONSULTING PRIVATE LIMITED,13-04-2023,Delhi,ROC Delhi,Active,Company limited by shares,Private,subsidiary of company incorporated outside India," ? 3,00,00,000 "," ? 2,00,00,000 ",62,Other information technology and computer service activities n.e.c,"Unit No. DTJ - 108, First Floor, Plot No. 11,DLF Tower B, Jasola, New Delhi,New Delhi, South Delhi, Delhi, India - 110025",java.joshi@arcelormittal.com
66,OCM INDIA OPPORTUNITIES XII AIF MANAGEMENT PRIVATE LIMITED,13-04-2023,Maharashtra,ROC Mumbai,Active,Company limited by shares,Private,subsidiary of company incorporated outside India," ? 25,00,000 "," ? 25,00,000 ",66,Activities auxiliary to financial service activities n.e.c.,"Level 7, B Wing, The Capital,,Bandra Kurla Complex,Mumbai, Mumbai, Maharashtra, India - 400051",ITCL.CorporateServices@vistra.com
67,MONEY FORWARD INDIA PRIVATE LIMITED,13-04-2023,Tamil Nadu,ROC Chennai,Active,Company limited by shares,Private,subsidiary of company incorporated outside India," ? 1,00,00,000 "," ? 1,00,00,000 ",62,Other information technology and computer service activities n.e.c,"Real Enclave, Door No. 43, Block Number,406 Josier Street , Nungambakkam,Chennai, Chennai, Tamil Nadu, India - 600034",tcf_roc@tokyoconsultingfirm.com
68,NUBLO GLOBAL INDIA PRIVATE LIMITED,13-04-2023,Karnataka,ROC Bangalore,Active,Company limited by shares,Private,subsidiary of company incorporated outside India," ? 5,00,000 "," ? 5,00,000 ",62,Other information technology and computer service activities n.e.c,"HD-186, WeWork Prestige Atlanta, 80 Feet Main Road,,1A Block, Industrial Layout,,Bangalore South, Bangalore, Karnataka, India - 560034",info@indamicus.in
69,MERATIVE TECHNOLOGIES INDIA PRIVATE LIMITED,16-04-2023,Karnataka,ROC Bangalore,Active,Company limited by shares,Private,subsidiary of company incorporated outside India," ? 10,00,000 "," ? 10,00,000 ",62,Other information technology and computer service activities n.e.c,"3rd FLOOR # 52, MFAR MANYATA TECH PARK,NAGAVARA,Bangalore North, Bangalore, Karnataka, India - 560045",ram.c.dash@merative.com
70,APPEQPLUS INDIA PRIVATE LIMITED,16-04-2023,Karnataka,ROC Bangalore,Active,Company limited by shares,Private,subsidiary of company incorporated outside India," ? 5,00,000 "," ? 1,00,000 ",62,Providing software support and maintenance to the clients,"NO 677, 1ST FLOOR 27TH MAIN, 13TH CROSS,, HSR LAYOUT, SECTOR 1. BANGALORE, KARNATAKA -,Bangalore South, Bangalore, Karnataka, India - 560102",rajat@appeq.ai
71,GARJE CLOUD INDIA PRIVATE LIMITED,16-04-2023,Maharashtra,ROC Mumbai,Active,Company limited by shares,Private,subsidiary of company incorporated outside India," ? 1,00,000 "," ? 1,00,000 ",62,Other information technology and computer service activities n.e.c," FLAT 401 PLOT NO 15,16&17,SECTOR 10A NERUL,Thane, Thane, Maharashtra, India - 400706",info@rkscloud.com
72,UPH DIGITAL HEALTH SERVICES PRIVATE LIMITED,16-04-2023,Delhi,ROC Delhi,Active,Company limited by shares,Private,subsidiary of company incorporated outside India," ? 50,00,000 "," ? 10,00,000 ",86,Other human health activities n.e.c. (including independent ambulance activities),"Innov8 CP2, 44,Backary Portion, Second Floor, Regal Building,New Delhi, Central Delhi, Delhi, India - 110001",ajay.arora@uphealthinc.com
73,SQUARERISK TECHNOLOGIES PRIVATE LIMITED,17-04-2023,Madhya Pradesh,ROC Gwalior,Active,Company limited by shares,Private,subsidiary of company incorporated outside India," ? 1,00,000 "," ? 1,00,000 ",62,"Writing , modifying, testing of computer program to meet the needs of a particular client excluding web-page designing","41-42 PU 4 scheme no. 54,,Behind,  C21 Mall,,Indore, Indore, Madhya Pradesh, India - 452010",finance@squarerisk.com
74,MIDGARD DESIGN INDIA PRIVATE LIMITED,17-04-2023,Gujarat,ROC Ahmedabad,Active,Company limited by shares,Private,subsidiary of company incorporated outside India," ? 50,00,000 "," ? 50,00,000 ",71,Architectural and engineering activities and related technical consultancy,"501, 5th Floor, Shapath-1, SG Highway,,,Ahmadabad City, Ahmedabad, Gujarat, India - 380054",Gary.Higgens@jrlgroup.co.uk
75,MATHYDRO INDIA PRIVATE LIMITED,17-04-2023,Punjab,ROC Chandigarh,Inactive for e-filing,Company limited by shares,Private,subsidiary of company incorporated outside India," ? 6,00,00,000 "," ? 6,00,00,000 ",,,"Unit No. 12E/F, 3rd Floor, Motiaz Royal,Business Park, Ambala Highway, Zirakpur,Rajpura, Mohali, Punjab, India - 140603",deepanshu2103@gmail.com
76,FINVA TECH PRIVATE LIMITED,17-04-2023,Maharashtra,ROC Mumbai,Active,Company limited by shares,Private,subsidiary of company incorporated outside India," ? 10,00,000 "," ? 1,00,000 ",58,Publishing of operating systems and system software,"Shri Nivas"", H 2, Balkrishna, 142/6, Jai Prakash Road,,Opposite 7 Bunglows Bus Depot, Next to Versova Metro Station, Andheri West,,Mumbai, Mumbai, Maharashtra, India - 400053",krsri@hotmail.com
77,FLOATBOTAI INDIA PRIVATE LIMITED,17-04-2023,Gujarat,ROC Ahmedabad,Active,Company limited by shares,Private,subsidiary of company incorporated outside India," ? 10,00,000 "," ? 10,000 ",62,Other information technology and computer service activities n.e.c,"206, Madhav Darshan Complex,,Waghwadi Road, Bhavnagar,Bhavnagar, Bhavnagar, Gujarat, India - 364001",jimmy.padia@floatbot.ai
78,ICCT INDIA CLEAN TRANSPORTATION RESEARCH PRIVATE LIMITED,17-04-2023,Delhi,ROC Delhi,Active,Company limited by shares,Private,subsidiary of company incorporated outside India," ? 15,00,000 "," ? 1,00,000 ",72,Research   and   experimental   development   on   natural   sciences   and engineering,"Innov8 CP2, 44, Backary Portion, 2nd Floor,Regal Building,New Delhi, Central Delhi, Delhi, India - 110001",a.bhatt@theicct.org
79,OMK STEEL INDIA PRIVATE LIMITED,17-04-2023,Haryana,ROC Delhi,Active,Company limited by shares,Private,subsidiary of company incorporated outside India," ? 85,00,000 "," ? 85,00,000 ",46,Wholesale of metals and metal ores,"1101-A, 11th Floor, Emaar Capital Tower-2,MG RD, Sector-26,,Dlf Qe, Gurgaon, Haryana, India - 122002",dsa.delhi2008@gmail.com
80,AVITR TECHNOLOGIES INDIA PRIVATE LIMITED,17-04-2023,Maharashtra,ROC Pune,Active,Company limited by shares,Private,subsidiary of company incorporated outside India," ? 1,00,000 "," ? 1,00,000 ",58,Publishing of operating systems and system software,"Flat 401, S No 5/20, Ravideep Residency, Benkar Mala, Dhayri,,,Pune City, Pune, Maharashtra, India - 411041",ravindra.jore@gmail.com
81,SWISSARK TECHNOLOGIES PRIVATE LIMITED,18-04-2023,Andhra Pradesh,ROC Vijayawada,Active,Company limited by shares,Private,subsidiary of company incorporated outside India," ? 1,00,000 "," ? 1,00,000 ",62,Other information technology and computer service activities n.e.c,"Flat No 23B-6-24,Pathebad,Eluru, West Godavari, Andhra Pradesh, India - 534002",krishna.bandili@aarktech.uk
82,EASII IC INDIA PRIVATE LIMITED,18-04-2023,Gujarat,ROC Ahmedabad,Active,Company limited by shares,Private,subsidiary of company incorporated outside India," ? 10,00,000 "," ? 10,00,000 ",62,Providing software support and maintenance to the clients,"OFFICE NO 1013, GANESH GLORY,OPP BSNL OFFICE SG HIGHWAY, JAGATPUR,Ahmadabad City, Ahmedabad, Gujarat, India - 382470",vrajesh.bhavsar@easii-ic.com
83,NEW EAGLE INDIA PRIVATE LIMITED,18-04-2023,Telangana,ROC Hyderabad,Active,Company limited by shares,Private,subsidiary of company incorporated outside India," ? 10,00,000 "," ? 1,00,000 ",26,Manufacture of other electronic components n.e.c,"1-60/2/9, Plot No.29, 1st Floor,Gafoornagar,Shaikpet, Hyderabad, Telangana, India - 500081",kkolla@neweagle.net
84,CHASE TALENT SOLUTIONS (INDIA) PRIVATE LIMITED,18-04-2023,Uttar Pradesh,ROC Kanpur,Active,Company limited by shares,Private,subsidiary of company incorporated outside India," ? 10,00,000 "," ? 10,00,000 ",78,Activities of employment placement agencies,"B 215, 2nd Floor, Block-B, Sector 71, Noida,,Dadri, Gautam Buddha Nagar, Uttar Pradesh, India - 201307",cs@setindiabiz.com
85,LIB METALS PROCESSING INDIA PRIVATE LIMITED,18-04-2023,Delhi,ROC Delhi,Active,Company limited by shares,Private,subsidiary of company incorporated outside India," ? 1,00,000 "," ? 1,00,000 ",09,Support activities for other mining and quarrying,"A-74, Ground Floor, Meera Bagh,,New Delhi, West Delhi, Delhi, India - 110087",vknangia@rka.co.in
86,TUSSLE DIGITAL PRIVATE LIMITED,18-04-2023,Delhi,ROC Delhi,Active,Company limited by shares,Private,subsidiary of company incorporated outside India," ? 1,00,000 "," ? 1,00,000 ",62,Other information technology and computer service activities n.e.c,"455, Fourth Floor, Metro Aggarwal Heights,Netaji Subhash Place, Pitampura,Delhi, North West Delhi, Delhi, India - 110034",PARTH@TUSSLEDIGITAL.COM
87,MALIBAN BISCUIT ASIA PRIVATE LIMITED,18-04-2023,Karnataka,ROC Bangalore,Active,Company limited by shares,Private,subsidiary of company incorporated outside India," ? 15,00,000 "," ? 10,00,000 ",10,"Manufacture of biscuits, cakes, pastries, rusks etc.","First Floor, 6/12,,Primrose Road,,Bangalore North, Bangalore, Karnataka, India - 560025",maliban.asia@malibangroup.lk
88,CYTOSORBENTS INDIA PRIVATE LIMITED,18-04-2023,Karnataka,ROC Bangalore,Active,Company limited by shares,Private,subsidiary of company incorporated outside India," ? 2,80,00,000 "," ? 2,80,00,000 ",46,"Wholesale of scientific, medical and surgical machinery and equipment","No. 26/A, Hegmel House, 2nd Floor, KPTCL Main Road,Kasavanahalli, Off Sarjapur Road,Bangalore South, Bangalore, Karnataka, India - 560102",cipl@cytosorbents.com
89,ACV AUTO AUCTIONS INDIA PRIVATE LIMITED,18-04-2023,Tamil Nadu,ROC Chennai,Active,Company limited by shares,Private,subsidiary of company incorporated outside India," ? 15,00,000 "," ? 1,00,000 ",62,Other information technology and computer service activities n.e.c,"29, Bannari Amman Towers, 2nd Floor,Block A, Dr. Radhakri Salai,Chennai, Chennai, Tamil Nadu, India - 600004",notices@acvauctions.com
90,HYCU INDIA PRIVATE LIMITED,19-04-2023,Karnataka,ROC Bangalore,Active,Company limited by shares,Private,subsidiary of company incorporated outside India," ? 1,00,000 "," ? 1,00,000 ",62,Other information technology and computer service activities n.e.c,"No. 231, 3rd Cross, 5th Main,MKS Layout 1st Stage, Doddakallasandra,Bangalore South, Bangalore, Karnataka, India - 560062",complianceinfo@bdo.in
91,HECTAR INDIA TRADING PRIVATE LIMITED,19-04-2023,Tamil Nadu,ROC Chennai,Active,Company limited by shares,Private,subsidiary of company incorporated outside India," ? 10,00,000 "," ? 10,00,000 ",46,Wholesale of other basic/manufactured food stuffs n.e.c.,"NEW NO 5 OLD NO 3,NANDANAM 1ST STREET,Chennai City Corporation, Chennai, Tamil Nadu, India - 600035",sri@hectar.global
92,SUEK INDIA PRIVATE LIMITED,19-04-2023,Maharashtra,ROC Mumbai,Active,Company limited by shares,Private,subsidiary of company incorporated outside India," ? 1,00,00,000 "," ? 50,00,000 ",46,"Activities of commission agents dealing in wholesale trade inwood, paper, skin, leather and fur, fuel, petroleum products, chemicals, perfumery and cosmetics, glass, minerals, ores and metals","401, A Wing, Bhoomi Legends,Opp. Samta Nagar Police station,Kandivali East, Mumbai, Maharashtra, India - 400101",elias.chibani@black-sand-commodities.ae
93,BORGWARNER INDIA TECHNICAL CENTER PRIVATE LIMITED,19-04-2023,Karnataka,ROC Bangalore,Active,Company limited by shares,Private,subsidiary of company incorporated outside India," ? 1,00,000 "," ? 1,00,000 ",71,Technical testing and analysis,"PRIMECO UNIONCITY, 901, 9th Floor and G-01 Ground Floor,Block B, Plot no. 18,19A & 19B Sy.no. 76 and 86, Sadaramangala Industrial Area, Whitefield Main Rd,Hosakote, Bangalore Rural, Karnataka, India - 560067",dsimili@borgwarner.com
94,FUTURE INDIA ADVANCED ELECTRONICS PRIVATE LIMITED,19-04-2023,Karnataka,ROC Bangalore,Active,Company limited by shares,Private,subsidiary of company incorporated outside India," ? 1,00,00,000 "," ? 20,00,000 ",46,Other non-specialised wholesale trade n.e.c.,"Sy No. 129/4, The Oak-Kalyani Platina, 5th Floor,Kundalahalli Village,Bangalore South, Bangalore, Karnataka, India - 560066",Info-Finance-IN@FutureElectronics.com
95,LUMINA BRANDS INDIA PRIVATE LIMITED,19-04-2023,Telangana,ROC Hyderabad,Active,Company limited by shares,Private,subsidiary of company incorporated outside India," ? 7,00,000 "," ? 1,00,000 ",47,Retail sale of perfumery and cosmetic articles,"D.No. - 2-2-186/18/5F, No. - 102,Muppidi Mansion, R.K.Nagar,Bagh Amberpet,Amberpet, Hyderabad, Telangana, India - 500013",luminabrandsindia@gmail.com
96,TERRABYTE TECHNOLOGIES PRIVATE LIMITED,19-04-2023,Karnataka,ROC Bangalore,Active,Company limited by shares,Private,subsidiary of company incorporated outside India," ? 5,00,000 "," ? 50,000 ",62,Other information technology and computer service activities n.e.c,"No.1326, P.V.R & L.M.R Building,,24th Main road, Sector -2, HSR Layout,Bangalore South, Bangalore, Karnataka, India - 560102",vivek@letsterra.com
97,DELRIN SPECIALTY INDIA PRIVATE LIMITED,20-04-2023,Gujarat,ROC Ahmedabad,Active,Company limited by shares,Private,subsidiary of company incorporated outside India," ? 15,00,000 "," ? 1,00,000 ",22,Manufacture  of  moulded  industrial  accessories  of  plastics electrical insulating fittings of plastics],"SF/210, Orchid Plaza, B/H McDonalds,Sama Savli Road, Vemali Village,Vadodara, Vadodara, Gujarat, India - 390008",divya.yadav@dupont.com
98,EDELSTEIN SHARED SERVICES PRIVATE LIMITED,20-04-2023,Maharashtra,ROC Mumbai,Active,Company limited by shares,Private,subsidiary of company incorporated outside India," ? 60,00,000 "," ? 60,00,000 ",82,Other business support service activities n.e.c.,"301 3rd Flr  Rupani Baug,Prime 317 Nanda Patkar Road Vile Parle East,Mumbai, Mumbai, Maharashtra, India - 400057",edelsteinsspl@edelsteincpa.com
99,7DXPERTS INDIA PRIVATE LIMITED,20-04-2023,Karnataka,ROC Bangalore,Active,Company limited by shares,Private,subsidiary of company incorporated outside India," ? 10,00,000 "," ? 1,00,000 ",62,Other information technology and computer service activities n.e.c,"No. 29, Samruddhi, Flat NO 102,,First Floor, 9th Main, 14th Cross, HSR Layout, Sector-6,Bangalore South, Bangalore, Karnataka, India - 560102",veluswamy.vinay@gmail.com
100,CAPACITYCO PRIVATE LIMITED,20-04-2023,Uttar Pradesh,ROC Kanpur,Active,Company limited by shares,Private,subsidiary of company incorporated outside India," ? 10,00,000 "," ? 1,00,000 ",62,Other information technology and computer service activities n.e.c,"PLOT NO D-107,SECTOR 2,Noida, Gautam Buddha Nagar, Uttar Pradesh, India - 201301",Pratul.Gautam@hellokindred.com
101,DIGISTAIN INDIA PRIVATE LIMITED,20-04-2023,Haryana,ROC Delhi,Active,Company limited by shares,Private,subsidiary of company incorporated outside India," ? 15,00,000 "," ? 1,00,000 ",86,Activities of independent diagnostic/pathological laboratories,"A-2, Second Floor,Adel Divine court, sector-76,Ballabgarh, Faridabad, Haryana, India - 121004",deurloonicholas@gmail.com
102,DOHWA INDIA PRIVATE LIMITED,20-04-2023,Uttar Pradesh,ROC Kanpur,Active,Company limited by shares,Private,subsidiary of company incorporated outside India," ? 1,70,00,000 "," ? 1,70,00,000 ",71,Architectural and engineering activities and related technical consultancy,"101, Tower A, iThum,Sector-62,Noida, Gautam Buddha Nagar, Uttar Pradesh, India - 201301",abhilash@dohwa.co.kr
103,SPINPLAY GAMES INDIA PRIVATE LIMITED,21-04-2023,Haryana,ROC Delhi,Active,Company limited by shares,Private,subsidiary of company incorporated outside India," ? 40,00,000 "," ? 40,00,000 ",62,"Writing , modifying, testing of computer program to meet the needs of a particular client excluding web-page designing","1170A, 11th floor, Tower B1, Spaze i-Tech Park,,Sector 49, Sohna Road,Sadar Bazar, Gurgaon, Haryana, India - 122001",neha.moolchandani@krayman.com
104,MOTORICA INDIA PRIVATE LIMITED,21-04-2023,Maharashtra,ROC Mumbai,Active,Company limited by shares,Private,subsidiary of company incorporated outside India," ? 1,00,000 "," ? 1,00,000 ",28,Manufacture of other special-purpose machinery n.e.c.,"BL-10, SHOP-28, PLOT -1 TO 6 19 TO 26,SECTOR-34, KAMOTHE, PANVEL,Raigad, Raigad, Maharashtra, India - 410209",dap@motorica.org
105,TEKOMPANIET INDIA PRIVATE LIMITED,21-04-2023,Maharashtra,ROC Mumbai,Active,Company limited by shares,Private,subsidiary of company incorporated outside India," ? 1,00,000 "," ? 1,00,000 ",10,Processing and blending of tea including manufacture of instant tea,"B 506, 5th Floor, Building No. 83,Chembur Sindhoo CHS Tilak Nagar, Chembur,Mumbai, Mumbai, Maharashtra, India - 400089",info@tekompaniet.com
106,EDUEXPACT PRIVATE LIMITED,21-04-2023,Gujarat,ROC Ahmedabad,Active,Company limited by shares,Private,subsidiary of company incorporated outside India," ? 15,00,000 "," ? 15,00,000 ",85,Educational support services,"701 MARUTI PLAZA,BEHIND SATMEV HOSPITAL,Gandhinagar, Ahmedabad, Gujarat, India - 382424",neelam@globalselect.com.au
107,ISON TOWER PRIVATE LIMITED,21-04-2023,Delhi,ROC Delhi,Active,Company limited by shares,Private,subsidiary of company incorporated outside India," ? 1,00,000 "," ? 1,00,000 ",61,Other telecommunications activities,"FLAT NO. 1009-1013, 10TH FLOOR,,AMBADEEP BUILDING-14, KASTURBA GANDHI MARG,New Delhi, Central Delhi, Delhi, India - 110001",amit.sharma@isontower.com
108,MAYR POWER TRANSMISSIONS INDIA PRIVATE LIMITED,22-04-2023,Maharashtra,ROC Pune,Active,Company limited by shares,Private,subsidiary of company incorporated outside India," ? 4,25,00,000 "," ? 1,70,00,000 ",29,"Manufacture of diverse parts and accessories for motor vehecles sucs as brakes, gearboxes, axles, road wheels, suspension shock absorbers, radiators, silencers, exhaust pipes, catalysers, clutches, steering wheels, steering columns and steering boxes etc.","Office No. 101A, First Floor,,Delta One, Giga Space IT Park,,Pune, Pune, Maharashtra, India - 411014",a.mishra@mv-altios.com
109,TMRW TECHNOLOGY INDIA PRIVATE LIMITED,22-04-2023,Karnataka,ROC Bangalore,Active,Company limited by shares,Private,subsidiary of company incorporated outside India," ? 15,00,000 "," ? 15,00,000 ",62,"Writing , modifying, testing of computer program to meet the needs of a particular client excluding web-page designing","6/12, Primrose Road,,Gurappa Avenue,,Bangalore North, Bangalore, Karnataka, India - 560025",info@tmrw.com
110,KSI TECHNOLOGIES INDIA PRIVATE LIMITED,22-04-2023,Maharashtra,ROC Pune,Active,Company limited by shares,Private,subsidiary of company incorporated outside India," ? 1,00,000 "," ? 1,00,000 ",28,Manufacture of filtering and purifying machinery or apparatus for liquids and gases," 1, Shyama Palace, Sector 4, Sant Nagar,,Pradhikaran, Moshi, Pune,Khed, Pune, Maharashtra, India - 412105",satishddt@gmail.com
111,STRATEX CONSULTING SERVICES PRIVATE LIMITED,23-04-2023,Haryana,ROC Delhi,Active,Company limited by shares,Private,subsidiary of company incorporated outside India," ? 1,00,000 "," ? 1,00,000 ",74,"Other professional, scientific and technical activities n.e.c.","HOUSE NO 219/20, GALI NO 7,HARI NAGAR,Narwana, Jind, Haryana, India - 126116",stratexconsultingservices@gmail.com
112,DELAWARE DIGITAL PRIVATE LIMITED,23-04-2023,Delhi,ROC Delhi,Active,Company limited by shares,Private,subsidiary of company incorporated outside India," ? 4,00,000 "," ? 4,00,000 ",62,Computer consultancy and computer facilities management activities,"219 BASEMENT,L/P VINOBA PURI NAGAR,New Delhi, South Delhi, Delhi, India - 110024",amit.gupta@vikalpsolutions.in
113,FREIGHT CONNECT PRIVATE LIMITED,24-04-2023,Tamil Nadu,ROC Chennai,Active,Company limited by shares,Private,subsidiary of company incorporated outside India," ? 60,00,000 "," ? 60,00,000 ",52,Activities of shipping cargo agents,"No. 80, Railway Station Road,Alandur,Saidapet, Kanchipuram, Tamil Nadu, India - 600016",info@freight-connects.com
114,SAY SKY ENTERPRISES PRIVATE LIMITED,24-04-2023,Tamil Nadu,ROC Chennai,Active,Company limited by shares,Private,subsidiary of company incorporated outside India," ? 15,00,000 "," ? 1,00,000 ",45,"Wholesale or retail sale of parts and accessories of motorcycles, mopeds, scooters and three wheelers","282C, 12th Cross Street, Krishna Nagar, Level 3,,Iyer Bungalow,,Madurai North, Madurai, Tamil Nadu, India - 625014",velsindiamdu@gmail.com
115,BIZBIMA INSURANCE BROKERS PRIVATE LIMITED,24-04-2023,Karnataka,ROC Bangalore,Active,Company limited by shares,Private,subsidiary of company incorporated outside India," ? 80,00,000 "," ? 80,00,000 ",66,Activities of insurance agents and brokers,"4th Floor, Brigade Chambers,,No. 88, Gandhi Bazaar Main Road,Bangalore South, Bangalore, Karnataka, India - 560004",pradeep@bizbimabrokers.com
116,TIGERMED MEDICAL INDIA PRIVATE LIMITED,24-04-2023,Maharashtra,ROC Mumbai,Active,Company limited by shares,Private,subsidiary of company incorporated outside India," ? 1,00,000 "," ? 1,00,000 ",70,Management consultancy activities,"SHP NO.36&37 GROUND FLOOR, EAZE ZONE MALL, OFF LINK ROAD, CTS NO. 1214/1 OF,VILLAGE MALADSOUTH AT, GOREGAON (W),,Goregaon West, Mumbai, Maharashtra, India - 400104",tanushree.g@tigermedgrp.com
117,MAKARA MARITIME PRIVATE LIMITED,25-04-2023,Delhi,ROC Delhi,Active,Company limited by shares,Private,subsidiary of company incorporated outside India," ? 3,00,000 "," ? 3,00,000 ",78,Human resources provision and management of human resources functions,"House No T-64 New Rohtak Road, Landmark New Rohtak Road,Moti Nagar,New Delhi, Central Delhi, Delhi, India - 110005",arvind.mohan@viridianmaritime.com
118,VIRIDIUM.AI INDIA PRIVATE LIMITED,25-04-2023,Maharashtra,ROC Pune,Active,Company limited by shares,Private,subsidiary of company incorporated outside India," ? 10,00,000 "," ? 1,00,000 ",62,Other information technology and computer service activities n.e.c,"Flat 112, Tara Residency,,Karve Nagar, S. No 20/2, PMC Office Building,,Pune City, Pune, Maharashtra, India - 411038",shrirang@viridium.ai
119,FLANDOR DISTRIBUTORS INDIA PRIVATE LIMITED,25-04-2023,Delhi,ROC Delhi,Active,Company limited by shares,Private,subsidiary of company incorporated outside India," ? 10,00,000 "," ? 1,00,000 ",46,"Wholesale of radio, television and other consumer electronics including CD/DVD players and recorders","73, FRONT BASEMENT, NATIONAL PARK,LAJPAT NAGAR-IV,New Delhi, South Delhi, Delhi, India - 110024",roccompliance80@gmail.com
120,4FORES INDIA PRIVATE LIMITED,25-04-2023,Maharashtra,ROC Pune,Active,Company limited by shares,Private,subsidiary of company incorporated outside India," ? 5,00,000 "," ? 1,00,000 ",35,Electric power generation using solar energy,"Oxy Valley Flat No. A/406,Venkatesh Developers Gat No. 744 Behind Jain College,Haveli, Pune, Maharashtra, India - 412207",chatursing.rajput@4fores.com
121,KEYNIUS INDIA PRIVATE LIMITED,25-04-2023,West Bengal,ROC Kolkata,Active,Company limited by shares,Private,subsidiary of company incorporated outside India," ? 15,00,000 "," ? 5,00,000 ",62,Other information technology and computer service activities n.e.c,"Godrej Genesis Building Block EP& GP Salt Lake Sector V,Floor 15, Unit 1505,Saltlake, North 24 Parganas, West Bengal, India - 700091",pavitra.mundhra@gmail.com
122,SPROUTS SOFTWARE TECHNOLOGIES PRIVATE LIMITED,25-04-2023,Karnataka,ROC Bangalore,Active,Company limited by shares,Private,subsidiary of company incorporated outside India," ? 10,00,000 "," ? 10,000 ",62,Other information technology and computer service activities n.e.c,"1st floor Gopalakrishna Complex #45/3 Residency Road MG Road,Bangalore 560025,Bangalore North, Bangalore, Karnataka, India - 560025",nagla.avinash@gmail.com
123,GEMINI INTERGALACTIC INDIA PRIVATE LIMITED,25-04-2023,Haryana,ROC Delhi,Active,Company limited by shares,Private,subsidiary of company incorporated outside India," ? 4,10,00,000 "," ? 82,00,000 ",82,Other business support service activities n.e.c.,"001-005, Emaar Digital Greens Tower-A,10th Floor Golf Course Extension Road, Sector-61,Bhondsi, Gurgaon, Haryana, India - 122102",pravjit.tiwana@gemini.com
124,PARKER AVERY INDIA PRIVATE LIMITED,25-04-2023,Maharashtra,ROC Pune,Active,Company limited by shares,Private,subsidiary of company incorporated outside India," ? 15,00,000 "," ? 5,00,000 ",62,Other information technology and computer service activities n.e.c,"S. No. 257/1/2, Florencia,Flat No. C-404, Kaspate Wasti, Wakad,Haveli, Pune, Maharashtra, India - 411057",dinesh.helwade@parkeravery.com
125,HINGE HEALTH INDIA PRIVATE LIMITED,26-04-2023,Karnataka,ROC Bangalore,Active,Company limited by shares,Private,subsidiary of company incorporated outside India," ? 10,00,000 "," ? 1,00,000 ",62,Other information technology and computer service activities n.e.c,"IndiQube Opal  193, Paramahansa Yogananda Rd, Stage 2, Eshwara Layout, Bengaluru, Karnataka,Indiranagar,Bangalore North, Bangalore, Karnataka, India - 560038",sandeep.lakshmipathy@hingehealth.com
126,W HEALTH STUDIO INDIA PRIVATE LIMITED,26-04-2023,Maharashtra,ROC Mumbai,Active,Company limited by shares,Private,subsidiary of company incorporated outside India," ? 10,00,000 "," ? 1,00,000 ",82,Other business support service activities n.e.c.,"Enam Sambhav C-20, G Block,,Bandra-Kurla Complex,,Mumbai, Mumbai, Maharashtra, India - 400051",whvadvisoryindia@gmail.com
127,SUSTAINABLE ENERGY INFRA INVESTMENT MANAGERS PRIVATE LIMITED,26-04-2023,Maharashtra,ROC Mumbai,Active,Company limited by shares,Private,subsidiary of company incorporated outside India," ? 13,00,00,000 "," ? 1,00,000 ",66,Activities auxiliary to financial service activities n.e.c.,"Mahindra Tower Pandurang Budhkar Marg,Near Doordarshan Kendra,Mumbai, Mumbai, Maharashtra, India - 400018",deb_hajara@otpp.com
128,MERCER CONSULTING SOLUTIONS (INDIA) PRIVATE LIMITED,26-04-2023,Maharashtra,ROC Mumbai,Active,Company limited by shares,Private,subsidiary of company incorporated outside India," ? 20,00,000 "," ? 20,00,000 ",70,Management consultancy activities,"Third Floor, Fleet House,Next to Marol Metro Station, Andheri Kurla Road, Andheri East,Mumbai, Mumbai, Maharashtra, India - 400059",inderjot.dang@mercer.com
129,KANWAR ENGINEERING INDIA PRIVATE LIMITED,26-04-2023,Punjab,ROC Chandigarh,Active,Company limited by shares,Private,subsidiary of company incorporated outside India," ? 1,00,000 "," ? 1,00,000 ",42,Other civil engineering projects n.e.c.,"CAPTAIN BHAJAN SINGH,AZAD NAGAR,Dhuri, Sangrur, Punjab, India - 148024",reachbhajansingh@gmail.com
130,ASAPP SERVICES INDIA PRIVATE LIMITED,26-04-2023,Karnataka,ROC Bangalore,Active,Company limited by shares,Private,subsidiary of company incorporated outside India," ? 1,00,000 "," ? 1,00,000 ",62,Other information technology and computer service activities n.e.c,"Survey No 414/190/13, Suite No 208, 2nd Floor,PSR Complex, Govinda Reddy Layout,Bangalore South, Bangalore, Karnataka, India - 560076",corporate.governance@vistra.com
131,TYK CERAMICS INDIA PRIVATE LIMITED,26-04-2023,West Bengal,ROC Kolkata,Active,Company limited by shares,Private,subsidiary of company incorporated outside India," ? 2,00,00,000 "," ? 2,00,00,000 ",23,Manufacture of other refractory articles n.e.c.,"UNIT NO. 312, Block-1, 3RD FLOOR QUBE, Plot no. II D/31/1, Street no.- 1111, New Town,Beside City Centre 2, Kolkata,Matiaghata, North 24 Parganas, West Bengal, India - 700135",tyk-ceramics-india@tyk.jp
132,SNAPPCOINS GLOBAL PRIVATE LIMITED,26-04-2023,Punjab,ROC Chandigarh,Active,Company limited by shares,Private,subsidiary of company incorporated outside India," ? 10,00,000 "," ? 1,00,000 ",62,Other information technology and computer service activities n.e.c,"10221, 22ND/F,TOWER-10,ATS CASA ESPANA SEC-121,S.A.S.Nagar (Mohali), Rupnagar, Punjab, India - 160055",kamalmatta@gmail.com
133,SIMPLO TECHNOLOGY (INDIA) PRIVATE LIMITED,26-04-2023,Tamil Nadu,ROC Chennai,Active,Company limited by shares,Private,subsidiary of company incorporated outside India," ? 10,00,000 "," ? 1,00,000 ",27,Manufacture of other electrical equipment,"226C/31A RAJAGRAMANI,GARDEN, MANDAVELI,,Chennai City Corporation, Chennai, Tamil Nadu, India - 600028",raymond_sung@simplo.com.tw
134,TALENTSMITH PRIVATE LIMITED,27-04-2023,Uttar Pradesh,ROC Kanpur,Active,Company limited by shares,Private,subsidiary of company incorporated outside India," ? 10,00,000 "," ? 1,00,000 ",62,Other information technology and computer service activities n.e.c,"PLOT NO D-107,SECTOR 2,Noida, Gautam Buddha Nagar, Uttar Pradesh, India - 201301",Pratul.Gautam@hellokindred.com
135,ENFINITY GLOBAL HARITHA RENEWABLES PRIVATE LIMITED,27-04-2023,Telangana,ROC Hyderabad,Active,Company limited by shares,Private,subsidiary of company incorporated outside India," ? 15,00,000 "," ? 1,00,000 ",35,Electric power generation using solar energy,"8-2-610/68/1,2,3, 5 Floor,Accrord Blu, Rd No. 10,Khairatabad, Hyderabad, Telangana, India - 500034",csegindia@outlook.com
136,ENFINITY GLOBAL RENEWABLE ENERGY PRIVATE LIMITED,27-04-2023,Telangana,ROC Hyderabad,Active,Company limited by shares,Private,subsidiary of company incorporated outside India," ? 15,00,000 "," ? 1,00,000 ",35,Electric power generation using solar energy,"8-2-610/68/1, 5th Floor,Accord Blu, Rd No. 10,,Khairatabad, Hyderabad, Telangana, India - 500034",csegindia@outlook.com
137,NORTHLADDER TECHNOLOGIES INDIA PRIVATE LIMITED,27-04-2023,Maharashtra,ROC Pune,Active,Company limited by shares,Private,subsidiary of company incorporated outside India," ? 15,00,000 "," ? 1,00,000 ",62,Other information technology and computer service activities n.e.c,"716, Spot 18 Rahatani,,Pune City, Pune, Maharashtra, India - 411017",sandeep@northladder.com
138,SANGINENI ENGINEERING AND TECHNICAL SERVICES PRIVATE LIMITED,27-04-2023,Telangana,ROC Hyderabad,Active,Company limited by shares,Private,subsidiary of company incorporated outside India," ? 15,00,000 "," ? 1,00,000 ",74,Other specialized design activities n.e.c.,"First Floor, Plot No- 13, Viswanbhara Enclave,Hydernagar,Tirumalagiri, Hyderabad, Telangana, India - 500072",seats@othon.com
139,VISTAJET LEASING IFSC PRIVATE LIMITED,28-04-2023,Gujarat,ROC Ahmedabad,Active,Company limited by shares,Private,subsidiary of company incorporated outside India," ? 2,00,00,000 "," ? 2,00,00,000 ",66,Activities auxiliary to financial service activities n.e.c.,"PragyaAcelerator GF RD 1C,Blk 15 Pragya TWR SEZ PA,Gandhinagar, Gandhi Nagar, Gujarat, India - 382355",
140,ALTOLIVING ENTERPRISE SOFTWARE INDIA PRIVATE LIMITED,28-04-2023,Karnataka,ROC Bangalore,Active,Company limited by shares,Private,subsidiary of company incorporated outside India," ? 60,00,000 "," ? 60,00,000 ",62,Other information technology and computer service activities n.e.c,"#1245, 27th Main,Sector 2 Somasundarapalya,Bangalore South, Bangalore, Karnataka, India - 560102",karolina@altovita.com
141,CHAO LONG INDIA PRIVATE LIMITED,28-04-2023,Tamil Nadu,ROC Chennai,Active,Company limited by shares,Private,subsidiary of company incorporated outside India," ? 15,00,000 "," ? 15,00,000 ",45,Sale of motor vehicle parts and accessories,"Plot no 6, 8th Avenue, 1st cross road,Mahindra World city,Kanchipuram, Kanchipuram, Tamil Nadu, India - 603004",ksara23@gmail.com
142,NETFLORIST INDIA PRIVATE LIMITED,28-04-2023,Maharashtra,ROC Pune,Active,Company limited by shares,Private,subsidiary of company incorporated outside India," ? 1,00,000 "," ? 10,000 ",62,Other information technology and computer service activities n.e.c,"A-807, Gera Emerald City North,Kharadi,Pune City, Pune, Maharashtra, India - 411014",Pankajjogster@gmail.com
143,Z3CYBER INDIA PRIVATE LIMITED,28-04-2023,Telangana,ROC Hyderabad,Active,Company limited by shares,Private,subsidiary of company incorporated outside India," ? 10,00,000 "," ? 1,00,000 ",62,Other information technology and computer service activities n.e.c,"PLOT NO.05,, SOFTWARE UNITS  LAYOUT,Shaikpet, Hyderabad, Telangana, India - 500081",JAY@CYTRIO.COM
144,21SENSES TECHNOLOGIES INDIA PRIVATE LIMITED,28-04-2023,Maharashtra,ROC Pune,Active,Company limited by shares,Private,subsidiary of company incorporated outside India," ? 10,00,000 "," ? 1,00,000 ",62,Other information technology and computer service activities n.e.c,"B/8, Anjali CHS,Panchpakadi, Madanlal Dhingra Marg,Thane, Thane, Maharashtra, India - 400602",rohan@21-senses.com
145,PUIG INDIA PRIVATE LIMITED,28-04-2023,Delhi,ROC Delhi,Active,Company limited by shares,Private,subsidiary of company incorporated outside India," ? 10,00,00,000 "," ? 1,00,00,000 ",46,"Wholesale of toiletry, perfumery and cosmetics","3K Jangpura Extension,Commercial Circle,New Delhi, South Delhi, Delhi, India - 110014",csravisah@gmail.com
146,BAYA FINSERV TECHNOLOGIES PRIVATE LIMITED,28-04-2023,Maharashtra,ROC Mumbai,Active,Company limited by shares,Private,subsidiary of company incorporated outside India," ? 4,00,00,000 "," ? 4,00,00,000 ",62,Software installation,"Plot No 296, Sumati Smruti CHS, Swatantryaveer Savarkar Marg,Old Cadell Road,Opp. Catering College, Dadar West,Mumbai, Mumbai, Maharashtra, India - 400028",chatty@baya.biz
147,DATAART TECHNOLOGIES INDIA PRIVATE LIMITED,29-04-2023,Karnataka,ROC Bangalore,Inactive for e-filing,Company limited by shares,Private,subsidiary of company incorporated outside India," ? 1,65,04,100 "," ? 1,65,04,100 ",62,Other information technology and computer service activities n.e.c,"Prestige Sterling Square,2nd Floor, Madras Bank Road, Off Lavelle Road,,Bangalore North, Bangalore, Karnataka, India - 560001",Sheetal.Kale@dataart.com
148,TDK VENTURES INDIA ADVISOR PRIVATE LIMITED,29-04-2023,Karnataka,ROC Bangalore,Inactive for e-filing,Company limited by shares,Private,subsidiary of company incorporated outside India," ? 20,00,00,000 "," ? 18,00,00,000 ",66,Activities auxiliary to financial service activities n.e.c.,"The Icon, 80 Feet Rd,,HAL 3rd Stage, Indiranagar,Bangalore North, Bangalore, Karnataka, India - 560075",siddharth.mehta@tdk-ventures.com
149,MULTIVAC LARAON PRODUCTION INDIA PRIVATE LIMITED,29-04-2023,Haryana,ROC Delhi,Active,Company limited by shares,Private,subsidiary of company incorporated outside India," ? 10,00,000 "," ? 10,00,000 ",46,"Wholesale of other machinery, equipment and supplies n.e.c. including computer-controlled machine tools and computer-controlled sewing and knitting machines","Plot No: 137,Sector 5, IMT,Nsg Camp Manesar, Gurgaon, Haryana, India - 122051",ritesh.dhingra@laraon.com
150,QPRODUCTS AND SERVICES INDIA PRIVATE LIMITED,29-04-2023,Tamil Nadu,ROC Chennai,Active,Company limited by shares,Private,subsidiary of company incorporated outside India," ? 1,70,00,000 "," ? 80,00,000 ",46,"Wholesale of other machinery, equipment and supplies n.e.c. including computer-controlled machine tools and computer-controlled sewing and knitting machines","34,Venkatnarayana Road,,Chennai City Corporation, Chennai, Tamil Nadu, India - 600035",psagar@qproductsglobal.com
151,BIOLITEC MEDITECH INDIA PRIVATE LIMITED,29-04-2023,Karnataka,ROC Bangalore,Active,Company limited by shares,Private,subsidiary of company incorporated outside India," ? 10,00,000 "," ? 1,00,000 ",26,"Manufacture   of   irradiation,   electromedical   and   electrotherapeutic  equipment","143,Hitech Aerospace Park,Jala Hobli,Banglorenorth, Bangalore, Karnataka, India - 562149",preeti.lodha@biolitec.com
152,TNEI SERVICES INDIA PRIVATE LIMITED,29-04-2023,Kerala,ROC Ernakulam,Active,Company limited by shares,Private,subsidiary of company incorporated outside India," ? 15,00,000 "," ? 14,00,000 ",62,Providing software support and maintenance to the clients,"Kolezhimethal House,Mavoor PO,,Kozhikode, Kozhikode, Kerala, India - 673661",gorby.george@tneigroup.com
153,KLOUDSPOT INDIA PRIVATE LIMITED,29-04-2023,Karnataka,ROC Bangalore,Active,Company limited by shares,Private,subsidiary of company incorporated outside India," ? 10,00,000 "," ? 10,00,000 ",62,Other information technology and computer service activities n.e.c,"FC052, Founders Cube, 102/1, 1st Floor, Outer Ring Road,, Kamadhenu Nagar, B Narayanapura, Mahadevapura,Bangalore North, Bangalore, Karnataka, India - 560016",india@kloudspot.com
154,CRESIDO ANALYTICS INDIA PRIVATE LIMITED,29-04-2023,Telangana,ROC Hyderabad,Active,Company limited by shares,Private,subsidiary of company incorporated outside India," ? 1,00,000 "," ? 1,00,000 ",62,Other information technology and computer service activities n.e.c,"12-2-823/A/61, Santosh,Nagar Colony,Mehidipatnam,Asifnagar, Hyderabad, Telangana, India - 500028",siddu.tummala@cresido.com
155,JK SEL INDIA PRIVATE LIMITED,29-04-2023,Haryana,ROC Delhi,Inactive for e-filing,Company limited by shares,Private,subsidiary of company incorporated outside India," ? 14,00,000 "," ? 14,00,000 ",62,Providing software support and maintenance to the clients,"A 53/1, A Block,DLF Phase 1, Gurgaon,Sadar Bazar, Gurgaon, Haryana, India - 122001",consultancy@hanaadvisors.com
156,CROSSOVER TANK CONTAINERS (I) PRIVATE LIMITED,29-04-2023,Maharashtra,ROC Mumbai,Inactive for e-filing,Company limited by shares,Private,subsidiary of company incorporated outside India," ? 1,00,000 "," ? 1,00,000 ",52,Activities of shipping cargo agents,"F-27 SHAGUN MALL GEN AK,VAIDYA MARG GOREGAON EAST,Malad East, Mumbai, Maharashtra, India - 400097",caamitnagar@gmail.com
157,BIOGEN CAPABILITY CENTER INDIA PRIVATE LIMITED,30-04-2023,Karnataka,ROC Bangalore,Active,Company limited by shares,Private,subsidiary of company incorporated outside India," ? 1,00,000 "," ? 1,00,000 ",62,Providing software support and maintenance to the clients,"Level7 Mfar Greenheart,Manyatatechpark Hebbal,Bangalore North, Bangalore, Karnataka, India - 560045",kumar.venugopal@biogen.com
158,C LABS R&D PRIVATE LIMITED,30-04-2023,Karnataka,ROC Bangalore,Active,Company limited by shares,Private,subsidiary of company incorporated outside India," ? 15,00,000 "," ? 1,00,000 ",62,Other information technology and computer service activities n.e.c,"Embassy Tech Village,L Block Devarabisanahalli,Bangalore South, Bangalore, Karnataka, India - 560103",manish.gupta@cyberwarfare.live
159,YONDOR DIAMONDS PRIVATE LIMITED,30-04-2023,Maharashtra,ROC Mumbai,Inactive for e-filing,Company limited by shares,Private,subsidiary of company incorporated outside India," ? 1,00,000 "," ? 1,00,000 ",32,Working of diamonds and other precious and semi-precious stones including the working of industrial quality stones and synthetic or reconstructed precious or semi-precious stones,"123,Floor-12th FLR, Riddh,Khetwadi,10th Lane, Girga,Mumbai, Mumbai, Maharashtra, India - 400004",priyank.yondor@gmail.com
160,GREEN ENERGY INFRA PROJECT MANAGERS PRIVATE LIMITED,30-04-2023,Maharashtra,ROC Mumbai,Active,Company limited by shares,Private,subsidiary of company incorporated outside India," ? 1,00,000 "," ? 1,00,000 ",70,Management consultancy activities,"Mahindra Tower,Pandurang Budhkar Marg,Mumbai, Mumbai, Maharashtra, India - 400018",deb_hajara@otpp.com
